filename,label
001_h.png,0
002_h.png,0
003_h.png,0
004_h.png,0
005_h.png,0
006_h.png,0
007_h.png,0
008_h.png,0
009_h.png,0
010_h.png,0
011_h.png,0
012_h.png,0
013_h.png,0
014_h.png,0
015_h.png,0
016_h.png,0
017_h.png,0
018_h.png,0
019_h.png,0
020_h.png,0
021_h.png,0
022_h.png,0
023_h.png,0
024_h.png,0
025_h.png,0
026_h.png,0
027_h.png,0
028_h.png,0
029_h.png,0
030_h.png,0
031_h.png,0
032_h.png,0
033_h.png,0
034_h.png,0
035_h.png,0
036_h.png,0
037_h.png,0
038_h.png,0
039_h.png,0
040_h.png,0
041_h.png,0
042_h.png,0
043_h.png,0
044_h.png,0
045_h.png,0
046_h.png,0
047_h.png,0
048_h.png,0
049_h.png,0
050_h.png,0
051_h.png,0
052_h.png,0
053_h.png,0
054_h.png,0
055_h.png,0
056_h.png,0
057_h.png,0
058_h.png,0
059_h.png,0
060_h.png,0
061_h.png,0
062_h.png,0
063_h.png,0
064_h.png,0
065_h.png,0
066_h.png,0
067_h.png,0
068_h.png,0
069_h.png,0
070_h.png,0
071_h.png,0
072_h.png,0
073_h.png,0
074_h.png,0
075_h.png,0
076_h.png,0
077_h.png,0
078_h.png,0
079_h.png,0
080_h.png,0
081_h.png,0
082_h.png,0
083_h.png,0
084_h.png,0
085_h.png,0
086_h.png,0
087_h.png,0
088_h.png,0
089_h.png,0
090_h.png,0
091_h.png,0
092_h.png,0
093_h.png,0
094_h.png,0
095_h.png,0
096_h.png,0
097_h.png,0
098_h.png,0
099_h.png,0
100_h.png,0
101_h.png,0
102_h.png,0
103_h.png,0
104_h.png,0
105_h.png,0
106_h.png,0
107_h.png,0
108_h.png,0
109_h.png,0
110_h.png,0
111_h.png,0
112_h.png,0
113_h.png,0
114_h.png,0
115_h.png,0
116_h.png,0
117_h.png,0
118_h.png,0
119_h.png,0
120_h.png,0
121_h.png,0
122_h.png,0
123_h.png,0
124_h.png,0
125_h.png,0
126_h.png,0
127_h.png,0
128_h.png,0
129_h.png,0
130_h.png,0
131_h.png,0
132_h.png,0
133_h.png,0
134_h.png,0
135_h.png,0
136_h.png,0
137_h.png,0
138_h.png,0
139_h.png,0
140_h.png,0
141_h.png,0
142_h.png,0
143_h.png,0
144_h.png,0
145_h.png,0
146_h.png,0
147_h.png,0
148_h.png,0
149_h.png,0
150_h.png,0
151_h.png,0
152_h.png,0
153_h.png,0
154_h.png,0
155_h.png,0
156_h.png,0
157_h.png,0
158_h.png,0
159_h.png,0
160_h.png,0
161_h.png,0
162_h.png,0
163_h.png,0
164_h.png,0
165_h.png,0
166_h.png,0
167_h.png,0
168_h.png,0
169_h.png,0
170_h.png,0
171_h.png,0
172_h.png,0
173_h.png,0
174_h.png,0
175_h.png,0
176_h.png,0
177_h.png,0
178_h.png,0
179_h.png,0
180_h.png,0
181_h.png,0
182_h.png,0
183_h.png,0
184_h.png,0
185_h.png,0
186_h.png,0
187_h.png,0
188_h.png,0
189_h.png,0
190_h.png,0
191_h.png,0
192_h.png,0
193_h.png,0
194_h.png,0
195_h.png,0
196_h.png,0
197_h.png,0
198_h.png,0
199_h.png,0
200_h.png,0
201_h.png,0
202_h.png,0
203_h.png,0
204_h.png,0
205_h.png,0
206_h.png,0
207_h.png,0
208_h.png,0
209_h.png,0
210_h.png,0
211_h.png,0
212_h.png,0
213_h.png,0
214_h.png,0
215_h.png,0
216_h.png,0
217_h.png,0
218_h.png,0
219_h.png,0
220_h.png,0
221_h.png,0
222_h.png,0
223_h.png,0
224_h.png,0
225_h.png,0
226_h.png,0
227_h.png,0
228_h.png,0
229_h.png,0
230_h.png,0
231_h.png,0
232_h.png,0
233_h.png,0
234_h.png,0
235_h.png,0
236_h.png,0
237_h.png,0
238_h.png,0
239_h.png,0
240_h.png,0
241_h.png,0
242_h.png,0
243_h.png,0
244_h.png,0
245_h.png,0
246_h.png,0
247_h.png,0
248_h.png,0
249_h.png,0
250_h.png,0
251_h.png,0
252_h.png,0
253_h.png,0
254_h.png,0
255_h.png,0
256_h.png,0
257_h.png,0
258_h.png,0
259_h.png,0
260_h.png,0
261_h.png,0
262_h.png,0
263_h.png,0
264_h.png,0
265_h.png,0
266_h.png,0
267_h.png,0
268_h.png,0
269_h.png,0
270_h.png,0
271_h.png,0
272_h.png,0
273_h.png,0
274_h.png,0
275_h.png,0
276_h.png,0
277_h.png,0
278_h.png,0
279_h.png,0
280_h.png,0
281_h.png,0
282_h.png,0
283_h.png,0
284_h.png,0
285_h.png,0
286_h.png,0
287_h.png,0
288_h.png,0
289_h.png,0
290_h.png,0
291_h.png,0
292_h.png,0
293_h.png,0
294_h.png,0
295_h.png,0
296_h.png,0
297_h.png,0
298_h.png,0
299_h.png,0
300_h.png,0
301_h.png,0
302_h.png,0
303_h.png,0
304_h.png,0
305_h.png,0
306_h.png,0
307_h.png,0
308_h.png,0
309_h.png,0
310_h.png,0
311_h.png,0
312_h.png,0
313_h.png,0
314_h.png,0
315_h.png,0
316_h.png,0
317_h.png,0
318_h.png,0
319_h.png,0
320_h.png,0
321_h.png,0
322_h.png,0
323_h.png,0
324_h.png,0
325_h.png,0
326_h.png,0
327_h.png,0
328_h.png,0
329_h.png,0
330_h.png,0
331_h.png,0
332_h.png,0
333_h.png,0
334_h.png,0
335_h.png,0
336_h.png,0
337_h.png,0
338_h.png,0
339_h.png,0
340_h.png,0
341_h.png,0
342_h.png,0
343_h.png,0
344_h.png,0
345_h.png,0
346_h.png,0
347_h.png,0
348_h.png,0
349_h.png,0
350_h.png,0
351_h.png,0
352_h.png,0
353_h.png,0
354_h.png,0
355_h.png,0
356_h.png,0
357_h.png,0
358_h.png,0
359_h.png,0
360_h.png,0
361_h.png,0
362_h.png,0
363_h.png,0
364_h.png,0
365_h.png,0
366_h.png,0
367_h.png,0
368_h.png,0
369_h.png,0
370_h.png,0
371_h.png,0
372_h.png,0
373_h.png,0
374_h.png,0
375_h.png,0
376_h.png,0
377_h.png,0
378_h.png,0
379_h.png,0
380_h.png,0
381_h.png,0
382_h.png,0
383_h.png,0
384_h.png,0
385_h.png,0
386_h.png,0
387_h.png,0
388_h.png,0
389_h.png,0
390_h.png,0
391_h.png,0
392_h.png,0
393_h.png,0
394_h.png,0
395_h.png,0
396_h.png,0
397_h.png,0
398_h.png,0
399_h.png,0
400_h.png,0
401_h.png,0
402_h.png,0
403_h.png,0
404_h.png,0
405_h.png,0
406_h.png,0
407_h.png,0
408_h.png,0
409_h.png,0
410_h.png,0
411_h.png,0
412_h.png,0
413_h.png,0
414_h.png,0
415_h.png,0
416_h.png,0
417_h.png,0
418_h.png,0
419_h.png,0
420_h.png,0
421_h.png,0
422_h.png,0
423_h.png,0
424_h.png,0
425_h.png,0
426_h.png,0
427_h.png,0
428_h.png,0
429_h.png,0
430_h.png,0
431_h.png,0
432_h.png,0
433_h.png,0
434_h.png,0
435_h.png,0
436_h.png,0
437_h.png,0
438_h.png,0
439_h.png,0
440_h.png,0
441_h.png,0
442_h.png,0
443_h.png,0
444_h.png,0
445_h.png,0
446_h.png,0
447_h.png,0
448_h.png,0
449_h.png,0
450_h.png,0
451_h.png,0
452_h.png,0
453_h.png,0
454_h.png,0
455_h.png,0
456_h.png,0
457_h.png,0
458_h.png,0
459_h.png,0
460_h.png,0
461_h.png,0
462_h.png,0
463_h.png,0
464_h.png,0
465_h.png,0
466_h.png,0
467_h.png,0
468_h.png,0
469_h.png,0
470_h.png,0
471_h.png,0
472_h.png,0
473_h.png,0
474_h.png,0
475_h.png,0
476_h.png,0
477_h.png,0
478_h.png,0
479_h.png,0
480_h.png,0
481_h.png,0
482_h.png,0
483_h.png,0
484_h.png,0
485_h.png,0
486_h.png,0
487_h.png,0
488_h.png,0
489_h.png,0
490_h.png,0
491_h.png,0
492_h.png,0
493_h.png,0
494_h.png,0
495_h.png,0
496_h.png,0
497_h.png,0
498_h.png,0
499_h.png,0
500_h.png,0
001_a.png,1
002_a.png,1
003_a.png,1
004_a.png,1
005_a.png,1
006_a.png,1
007_a.png,1
008_a.png,1
009_a.png,1
010_a.png,1
011_a.png,1
012_a.png,1
013_a.png,1
014_a.png,1
015_a.png,1
016_a.png,1
017_a.png,1
018_a.png,1
019_a.png,1
020_a.png,1
021_a.png,1
022_a.png,1
023_a.png,1
024_a.png,1
025_a.png,1
026_a.png,1
027_a.png,1
028_a.png,1
029_a.png,1
030_a.png,1
031_a.png,1
032_a.png,1
033_a.png,1
034_a.png,1
035_a.png,1
036_a.png,1
037_a.png,1
038_a.png,1
039_a.png,1
040_a.png,1
041_a.png,1
042_a.png,1
043_a.png,1
044_a.png,1
045_a.png,1
046_a.png,1
047_a.png,1
048_a.png,1
049_a.png,1
050_a.png,1
051_a.png,1
052_a.png,1
053_a.png,1
054_a.png,1
055_a.png,1
056_a.png,1
057_a.png,1
058_a.png,1
059_a.png,1
060_a.png,1
061_a.png,1
062_a.png,1
063_a.png,1
064_a.png,1
065_a.png,1
066_a.png,1
067_a.png,1
068_a.png,1
069_a.png,1
070_a.png,1
071_a.png,1
072_a.png,1
073_a.png,1
074_a.png,1
075_a.png,1
076_a.png,1
077_a.png,1
078_a.png,1
079_a.png,1
080_a.png,1
081_a.png,1
082_a.png,1
083_a.png,1
084_a.png,1
085_a.png,1
086_a.png,1
087_a.png,1
088_a.png,1
089_a.png,1
090_a.png,1
091_a.png,1
092_a.png,1
093_a.png,1
094_a.png,1
095_a.png,1
096_a.png,1
097_a.png,1
098_a.png,1
099_a.png,1
100_a.png,1
101_a.png,1
102_a.png,1
103_a.png,1
104_a.png,1
105_a.png,1
106_a.png,1
107_a.png,1
108_a.png,1
109_a.png,1
110_a.png,1
111_a.png,1
112_a.png,1
113_a.png,1
114_a.png,1
115_a.png,1
116_a.png,1
117_a.png,1
118_a.png,1
119_a.png,1
120_a.png,1
121_a.png,1
122_a.png,1
123_a.png,1
124_a.png,1
125_a.png,1
126_a.png,1
127_a.png,1
128_a.png,1
129_a.png,1
130_a.png,1
131_a.png,1
132_a.png,1
133_a.png,1
134_a.png,1
135_a.png,1
136_a.png,1
137_a.png,1
138_a.png,1
139_a.png,1
140_a.png,1
141_a.png,1
142_a.png,1
143_a.png,1
144_a.png,1
145_a.png,1
146_a.png,1
147_a.png,1
148_a.png,1
149_a.png,1
150_a.png,1
151_a.png,1
152_a.png,1
153_a.png,1
154_a.png,1
155_a.png,1
156_a.png,1
157_a.png,1
158_a.png,1
159_a.png,1
160_a.png,1
161_a.png,1
162_a.png,1
163_a.png,1
164_a.png,1
165_a.png,1
166_a.png,1
167_a.png,1
168_a.png,1
169_a.png,1
170_a.png,1
171_a.png,1
172_a.png,1
173_a.png,1
174_a.png,1
175_a.png,1
176_a.png,1
177_a.png,1
178_a.png,1
179_a.png,1
180_a.png,1
181_a.png,1
182_a.png,1
183_a.png,1
184_a.png,1
185_a.png,1
186_a.png,1
187_a.png,1
188_a.png,1
189_a.png,1
190_a.png,1
191_a.png,1
192_a.png,1
193_a.png,1
194_a.png,1
195_a.png,1
196_a.png,1
197_a.png,1
198_a.png,1
199_a.png,1
200_a.png,1
201_a.png,1
202_a.png,1
203_a.png,1
204_a.png,1
205_a.png,1
206_a.png,1
207_a.png,1
208_a.png,1
209_a.png,1
210_a.png,1
211_a.png,1
212_a.png,1
213_a.png,1
214_a.png,1
215_a.png,1
216_a.png,1
217_a.png,1
218_a.png,1
219_a.png,1
220_a.png,1
221_a.png,1
222_a.png,1
223_a.png,1
224_a.png,1
225_a.png,1
226_a.png,1
227_a.png,1
228_a.png,1
229_a.png,1
230_a.png,1
231_a.png,1
232_a.png,1
233_a.png,1
234_a.png,1
235_a.png,1
236_a.png,1
237_a.png,1
238_a.png,1
239_a.png,1
240_a.png,1
241_a.png,1
242_a.png,1
243_a.png,1
244_a.png,1
245_a.png,1
246_a.png,1
247_a.png,1
248_a.png,1
249_a.png,1
250_a.png,1
251_a.png,1
252_a.png,1
253_a.png,1
254_a.png,1
255_a.png,1
256_a.png,1
257_a.png,1
258_a.png,1
259_a.png,1
260_a.png,1
261_a.png,1
262_a.png,1
263_a.png,1
264_a.png,1
265_a.png,1
266_a.png,1
267_a.png,1
268_a.png,1
269_a.png,1
270_a.png,1
271_a.png,1
272_a.png,1
273_a.png,1
274_a.png,1
275_a.png,1
276_a.png,1
277_a.png,1
278_a.png,1
279_a.png,1
280_a.png,1
281_a.png,1
282_a.png,1
283_a.png,1
284_a.png,1
285_a.png,1
286_a.png,1
287_a.png,1
288_a.png,1
289_a.png,1
290_a.png,1
291_a.png,1
292_a.png,1
293_a.png,1
294_a.png,1
295_a.png,1
296_a.png,1
297_a.png,1
298_a.png,1
299_a.png,1
300_a.png,1
301_a.png,1
302_a.png,1
303_a.png,1
304_a.png,1
305_a.png,1
306_a.png,1
307_a.png,1
308_a.png,1
309_a.png,1
310_a.png,1
311_a.png,1
312_a.png,1
313_a.png,1
314_a.png,1
315_a.png,1
316_a.png,1
317_a.png,1
318_a.png,1
319_a.png,1
320_a.png,1
321_a.png,1
322_a.png,1
323_a.png,1
324_a.png,1
325_a.png,1
326_a.png,1
327_a.png,1
328_a.png,1
329_a.png,1
330_a.png,1
331_a.png,1
332_a.png,1
333_a.png,1
334_a.png,1
335_a.png,1
336_a.png,1
337_a.png,1
338_a.png,1
339_a.png,1
340_a.png,1
341_a.png,1
342_a.png,1
343_a.png,1
344_a.png,1
345_a.png,1
346_a.png,1
347_a.png,1
348_a.png,1
349_a.png,1
350_a.png,1
351_a.png,1
352_a.png,1
353_a.png,1
354_a.png,1
355_a.png,1
356_a.png,1
357_a.png,1
358_a.png,1
359_a.png,1
360_a.png,1
361_a.png,1
362_a.png,1
363_a.png,1
364_a.png,1
365_a.png,1
366_a.png,1
367_a.png,1
368_a.png,1
369_a.png,1
370_a.png,1
371_a.png,1
372_a.png,1
373_a.png,1
374_a.png,1
375_a.png,1
376_a.png,1
377_a.png,1
378_a.png,1
379_a.png,1
380_a.png,1
381_a.png,1
382_a.png,1
383_a.png,1
384_a.png,1
385_a.png,1
386_a.png,1
387_a.png,1
388_a.png,1
389_a.png,1
390_a.png,1
391_a.png,1
392_a.png,1
393_a.png,1
394_a.png,1
395_a.png,1
396_a.png,1
397_a.png,1
398_a.png,1
399_a.png,1
400_a.png,1
401_a.png,1
402_a.png,1
403_a.png,1
404_a.png,1
405_a.png,1
406_a.png,1
407_a.png,1
408_a.png,1
409_a.png,1
410_a.png,1
411_a.png,1
412_a.png,1
413_a.png,1
414_a.png,1
415_a.png,1
416_a.png,1
417_a.png,1
418_a.png,1
419_a.png,1
420_a.png,1
421_a.png,1
422_a.png,1
423_a.png,1
424_a.png,1
425_a.png,1
426_a.png,1
427_a.png,1
428_a.png,1
429_a.png,1
430_a.png,1
431_a.png,1
432_a.png,1
433_a.png,1
434_a.png,1
435_a.png,1
436_a.png,1
437_a.png,1
438_a.png,1
439_a.png,1
440_a.png,1
441_a.png,1
442_a.png,1
443_a.png,1
444_a.png,1
445_a.png,1
446_a.png,1
447_a.png,1
448_a.png,1
449_a.png,1
450_a.png,1
451_a.png,1
452_a.png,1
453_a.png,1
454_a.png,1
455_a.png,1
456_a.png,1
457_a.png,1
458_a.png,1
459_a.png,1
460_a.png,1
461_a.png,1
462_a.png,1
463_a.png,1
464_a.png,1
465_a.png,1
466_a.png,1
467_a.png,1
468_a.png,1
469_a.png,1
470_a.png,1
471_a.png,1
472_a.png,1
473_a.png,1
474_a.png,1
475_a.png,1
476_a.png,1
477_a.png,1
478_a.png,1
479_a.png,1
480_a.png,1
481_a.png,1
482_a.png,1
483_a.png,1
484_a.png,1
485_a.png,1
486_a.png,1
487_a.png,1
488_a.png,1
489_a.png,1
490_a.png,1
491_a.png,1
492_a.png,1
493_a.png,1
494_a.png,1
495_a.png,1
496_a.png,1
497_a.png,1
498_a.png,1
499_a.png,1
500_a.png,1
